{"cameraMode":{"drawMode":0,"name":"Shaded","section":"Shading Mode"},"sceneLighting":true,"audioPlay":false,"sceneViewState":{"m_AlwaysRefresh":false,"showFog":true,"showSkybox":true,"showFlares":true,"showImageEffects":true,"showParticleSystems":true,"showVisualEffectGraphs":true,"m_FxEnabled":true},"in2DMode":false,"pivot":{"x":1.3095829486846924,"y":-2.452144145965576,"z":20.42781639099121},"rotation":{"x":-0.25009292364120486,"y":-0.08642633259296417,"z":0.022417956963181497,"w":-0.9641079902648926},"size":14.679113388061524,"orthographic":false}